checkId,name,category,collector,nist80053,matchQuality,autoScfPrimary,autoScfDomain,autoScfControlName,autoScfWeighting,autoScfAdditional,unmatchedNist,manualOverridePrimary,manualOverrideAdditional,reviewNotes
ENTRA-CLOUDADMIN-001,Ensure Administrative accounts are cloud-only,CLOUDADMIN,Entra,AC-6(5);AC-2,FULL,IAC-21.3,Identification & Authentication,Does the organization restrict the assignment of privileged accounts to management-approved personnel and/or roles?,10,IAC-15;IAC-07.2;NET-12;TDA-18,,,,
ENTRA-SYNCADMIN-001,On-premises synced admin accounts (compromise path),SYNCADMIN,StrykerReadiness,AC-6(5);AC-2,FULL,IAC-21.3,Identification & Authentication,Does the organization restrict the assignment of privileged accounts to management-approved personnel and/or roles?,10,IAC-15;IAC-07.2;NET-12;TDA-18,,,,
ENTRA-ADMIN-003,Ensure two emergency access accounts have been defined,ADMIN,Entra,AC-2;AC-2(2),FULL,IAC-15.2,Identification & Authentication,Does the organization use automated mechanisms to disable or remove temporary and emergency accounts after an organizati,9,IAC-15;IAC-07.2;NET-12;TDA-18,,,,
ENTRA-ADMIN-001,Ensure that between two and four global admins are designated,ADMIN,Entra,AC-6(5),FULL,IAC-21.3,Identification & Authentication,Does the organization restrict the assignment of privileged accounts to management-approved personnel and/or roles?,10,,,,,
ENTRA-BREAKGLASS-001,No break-glass emergency access account detected,BREAKGLASS,StrykerReadiness,AC-2(2);CP-2,FULL,IAC-15.2,Identification & Authentication,Does the organization use automated mechanisms to disable or remove temporary and emergency accounts after an organizati,9,BCD-06;BCD-01,,,,
ENTRA-CLOUDADMIN-002,Ensure administrative accounts use licenses with a reduced application footprint,CLOUDADMIN,Entra,AC-6;AC-6(5),FULL,IAC-21.3,Identification & Authentication,Does the organization restrict the assignment of privileged accounts to management-approved personnel and/or roles?,10,IAC-21;IAC-20,,,,
ENTRA-GROUP-003,Ensure that only organizationally managed/approved public groups exist,GROUP,Entra,AC-6(10);CM-5,FULL,END-03.2,Endpoint Security,"Does the organization define, document, approve and enforce access restrictions associated with changes to Technology As",8,IAC-21.5;CHG-04,,,,
EXO-SHAREDMBX-001,Ensure sign-in to shared mailboxes is blocked,SHAREDMBX,ExchangeOnline,AC-2;AC-3,FULL,IAC-15,Identification & Authentication,"Does the organization proactively govern account management of individual, group, system, service, application, guest an",10,IAC-07.2;IAC-20;NET-12;TDA-18,,,,
ENTRA-PASSWORD-001,Ensure the 'Password expiration policy' is set to 'Set passwords to never expire',PASSWORD,Entra,IA-5(1),FULL,IAC-10.1,Identification & Authentication,"Does the organization enforce complexity, length and lifespan considerations to ensure strong criteria for password-base",9,IAC-10.4;IAC-10,,,,
SPO-SESSION-001,Ensure 'Idle session timeout' is set to '3 hours (or less)' for unmanaged devices,SESSION,SharePoint,AC-11;AC-12,FULL,IAC-25,Identification & Authentication,"Does the organization use automated mechanisms to log out users, both locally on the network and for remote sessions, at",9,IAC-24,,,,
EXO-SHARING-001,Ensure 'External sharing' of calendars is not available,SHARING,ExchangeOnline,AC-3;SC-7(10),FULL,NET-03.5,Network Security,Does the organization use automated mechanisms to prevent the unauthorized exfiltration of sensitive/regulated data acro,5,NET-17;IAC-20;NET-12;TDA-18,,,,
ENTRA-ORGSETTING-001,Ensure 'User owned apps and services' is restricted,ORGSETTING,Entra,CM-7;CM-11,FULL,CFG-03,Configuration Management,Does the organization configure systems to provide only essential capabilities by specifically prohibiting or restrictin,10,CFG-05;END-03,,,,
ENTRA-ORGSETTING-002,Ensure internal phishing protection for Forms is enabled,ORGSETTING,Entra,SI-8,FULL,END-08,Endpoint Security,Does the organization utilize anti-phishing and spam protection technologies to detect and take action on unsolicited me,10,,,,,
EXO-LOCKBOX-001,Ensure the customer lockbox feature is enabled,LOCKBOX,ExchangeOnline,AC-3;AC-6,FULL,IAC-21,Identification & Authentication,"Does the organization utilize the concept of least privilege, allowing only authorized access to processes necessary to ",10,IAC-20;TDA-18;NET-12,,,,
ENTRA-ORGSETTING-003,Ensure 'third-party storage services' are restricted in 'Microsoft 365 on the web',ORGSETTING,Entra,CM-7;SC-7(10),FULL,CFG-03,Configuration Management,Does the organization configure systems to provide only essential capabilities by specifically prohibiting or restrictin,10,NET-03.5;NET-17,,,,
SPO-SWAY-001,Ensure that Sways cannot be shared with people outside of your organization,SWAY,SharePoint,AC-3;SC-7(10),FULL,NET-03.5,Network Security,Does the organization use automated mechanisms to prevent the unauthorized exfiltration of sensitive/regulated data acro,5,NET-17;IAC-20;NET-12;TDA-18,,,,
ENTRA-ORGSETTING-004,Ensure shared bookings pages are restricted to select users,ORGSETTING,Entra,AC-3;AC-6,FULL,IAC-21,Identification & Authentication,"Does the organization utilize the concept of least privilege, allowing only authorized access to processes necessary to ",10,IAC-20;TDA-18;NET-12,,,,
DEFENDER-SAFELINKS-001,Ensure Safe Links for Office Applications is Enabled,SAFELINKS,Defender,CM-6a;SI-3a;SI-8,FULL,END-04,Endpoint Security,Does the organization utilize antimalware technologies to detect and eradicate malicious code?,10,END-04.4;CFG-02.7;END-08;END-04.1;VPM-01,,,,
DEFENDER-ANTIMALWARE-001,Ensure the Common Attachment Types Filter is enabled,ANTIMALWARE,Defender,CM-6a;SI-3a;SI-8,FULL,END-04,Endpoint Security,Does the organization utilize antimalware technologies to detect and eradicate malicious code?,10,END-04.4;CFG-02.7;END-08;END-04.1;VPM-01,,,,
DEFENDER-ANTIMALWARE-002,Ensure notifications for internal users sending malware is Enabled,ANTIMALWARE,Defender,SI-3a;SI-4(5),FULL,MON-01.4,Continuous Monitoring,"Does the organization generate, monitor, correlate and respond to alerts from physical, cybersecurity, data protection a",7,END-04;END-04.4;END-04.1;VPM-01;VPM-05,,,,
DEFENDER-SAFEATTACH-001,Ensure Safe Attachments policy is enabled,SAFEATTACH,Defender,CM-6a;SI-3a;SI-8,FULL,END-04,Endpoint Security,Does the organization utilize antimalware technologies to detect and eradicate malicious code?,10,END-04.4;CFG-02.7;END-08;END-04.1;VPM-01,,,,
DEFENDER-SAFEATTACH-002,Ensure Safe Attachments for SharePoint OneDrive and Microsoft Teams is Enabled,SAFEATTACH,Defender,SI-3a,FULL,END-04,Endpoint Security,Does the organization utilize antimalware technologies to detect and eradicate malicious code?,10,END-04.4;END-04.1;VPM-01;VPM-05;TDA-18,,,,
DEFENDER-ANTISPAM-001,Ensure Exchange Online Spam Policies are set to notify administrators,ANTISPAM,Defender,CM-6a;SI-3a;SI-8,FULL,END-04,Endpoint Security,Does the organization utilize antimalware technologies to detect and eradicate malicious code?,10,END-04.4;CFG-02.7;END-08;END-04.1;VPM-01,,,,
DEFENDER-ANTIPHISH-001,Ensure that an anti-phishing policy has been created,ANTIPHISH,Defender,SI-8,FULL,END-08,Endpoint Security,Does the organization utilize anti-phishing and spam protection technologies to detect and take action on unsolicited me,10,,,,,
DNS-SPF-001,Ensure that SPF records are published for all Exchange Domains,SPF,DNS,AC-2d;SI-8,FULL,IAC-15,Identification & Authentication,"Does the organization proactively govern account management of individual, group, system, service, application, guest an",10,IAC-07.2;END-08;NET-12;TDA-18,,,,
DNS-DKIM-001,Ensure that DKIM is enabled for all Exchange Online Domains,DKIM,DNS,SC-8,FULL,CRY-03,Cryptographic Protections,Are cryptographic mechanisms utilized to protect the confidentiality of data being transmitted?,10,CRY-04,,,,
DNS-DMARC-001,Ensure DMARC Records for all Exchange Online domains are published,DMARC,DNS,SI-8;SI-4(5),FULL,MON-01.4,Continuous Monitoring,"Does the organization generate, monitor, correlate and respond to alerts from physical, cybersecurity, data protection a",7,END-08,,,,
DEFENDER-MALWARE-002,Ensure comprehensive attachment filtering is applied,MALWARE,Defender,SI-3;CM-6a,FULL,END-04,Endpoint Security,Does the organization utilize antimalware technologies to detect and eradicate malicious code?,10,END-04.4;CFG-02.7;END-04.1;VPM-01;VPM-05,,,,
EXO-CONNFILTER-001,Ensure the connection filter IP allow list is not used,CONNFILTER,ExchangeOnline,AC-4;SI-8,FULL,NET-04,Network Security,Does the organization implement and govern Access Control Lists (ACLs) to provide data flow enforcement that explicitly ,10,END-08,,,,
EXO-CONNFILTER-002,Ensure the connection filter safe list is off,CONNFILTER,ExchangeOnline,AC-4;SI-8,FULL,NET-04,Network Security,Does the organization implement and govern Access Control Lists (ACLs) to provide data flow enforcement that explicitly ,10,END-08,,,,
DEFENDER-ANTISPAM-002,Ensure inbound anti-spam policies do not contain allowed domains,ANTISPAM,Defender,SI-8,FULL,END-08,Endpoint Security,Does the organization utilize anti-phishing and spam protection technologies to detect and take action on unsolicited me,10,,,,,
DEFENDER-OUTBOUND-001,Ensure outbound anti-spam message limits are in place,OUTBOUND,Defender,SI-8;CM-6a,FULL,CFG-02.7,Configuration Management,"Does the organization document, assess risk and approve or deny deviations to standardized configurations?",9,END-08;CFG-02,,,,
DEFENDER-PRIORITY-001,Ensure Priority account protection is enabled and configured,PRIORITY,Defender,CM-6a;SI-3a;SI-8,FULL,END-04,Endpoint Security,Does the organization utilize antimalware technologies to detect and eradicate malicious code?,10,END-04.4;CFG-02.7;END-08;END-04.1;VPM-01,,,,
DEFENDER-PRIORITY-002,Ensure Priority accounts have 'Strict protection' presets applied,PRIORITY,Defender,CM-6a;SI-3a;SI-8,FULL,END-04,Endpoint Security,Does the organization utilize antimalware technologies to detect and eradicate malicious code?,10,END-04.4;CFG-02.7;END-08;END-04.1;VPM-01,,,,
DEFENDER-CLOUDAPPS-001,Ensure Microsoft Defender for Cloud Apps is enabled and configured,CLOUDAPPS,Defender,SI-4(5),FULL,MON-01.4,Continuous Monitoring,"Does the organization generate, monitor, correlate and respond to alerts from physical, cybersecurity, data protection a",7,,,,,
DEFENDER-ZAP-001,Ensure Zero-hour auto purge for Microsoft Teams is on,ZAP,Defender,SI-3a;SI-8,FULL,END-04,Endpoint Security,Does the organization utilize antimalware technologies to detect and eradicate malicious code?,10,END-04.4;END-08;END-04.1;VPM-01;VPM-05,,,,
COMPLIANCE-AUDIT-001,Ensure Microsoft 365 audit log search is Enabled,AUDIT,Compliance,AU-12,FULL,MON-06,Continuous Monitoring,Does the organization provide an event log report generation capability to aid in detecting and assessing anomalous acti,7,,,,,
COMPLIANCE-DLP-001,Ensure DLP policies are enabled,DLP,Compliance,SC-7(10),FULL,NET-03.5,Network Security,Does the organization use automated mechanisms to prevent the unauthorized exfiltration of sensitive/regulated data acro,5,NET-17,,,,
COMPLIANCE-DLP-002,Ensure DLP policies are enabled for Microsoft Teams,DLP,Compliance,SC-7(10),FULL,NET-03.5,Network Security,Does the organization use automated mechanisms to prevent the unauthorized exfiltration of sensitive/regulated data acro,5,NET-17,,,,
COMPLIANCE-LABELS-001,Ensure Information Protection sensitivity label policies are published,LABELS,Compliance,AC-3;SC-7(10),FULL,NET-03.5,Network Security,Does the organization use automated mechanisms to prevent the unauthorized exfiltration of sensitive/regulated data acro,5,NET-17;IAC-20;NET-12;TDA-18,,,,
FORMS-CONFIG-002,Ensure external users cannot collaborate on Microsoft Forms,CONFIG,Forms,AC-3;AC-22,FULL,DCH-15,Data Classification & Handling,Does the organization control publicly-accessible content?,10,IAC-20;TDA-18;NET-12,,,,
FORMS-CONFIG-001,Ensure external users cannot respond to Microsoft Forms,CONFIG,Forms,AC-3;AC-22,FULL,DCH-15,Data Classification & Handling,Does the organization control publicly-accessible content?,10,IAC-20;TDA-18;NET-12,,,,
FORMS-CONFIG-004,Ensure Microsoft Forms phishing protection is enabled,CONFIG,Forms,SI-3;SI-8,FULL,END-04,Endpoint Security,Does the organization utilize antimalware technologies to detect and eradicate malicious code?,10,END-04.4;END-08;END-04.1;VPM-01;VPM-05,,,,
INTUNE-COMPLIANCE-001,Ensure devices without a compliance policy are marked 'not compliant',COMPLIANCE,Intune,CM-6;CM-8,FULL,AST-02.3,Asset Management,Does the organization establish and maintain an authoritative source and repository to provide a trusted source and acco,2,CFG-02.7;AST-02;CFG-02,,,,
EXO-ANTIPHISH-001,Anti-Phishing Policy Configuration,ANTIPHISH,ExchangeOnline,SI-3;SI-8,FULL,END-04,Endpoint Security,Does the organization utilize antimalware technologies to detect and eradicate malicious code?,10,END-04.4;END-08;END-04.1;VPM-01;VPM-05,,,,
INTUNE-ENROLL-001,Ensure device enrollment for personally owned devices is blocked by default,ENROLL,Intune,AC-19a;CM-7,FULL,CFG-03,Configuration Management,Does the organization configure systems to provide only essential capabilities by specifically prohibiting or restrictin,10,MDM-02,,,,
EXO-ANTISPAM-001,Anti-Spam Policy Configuration,ANTISPAM,ExchangeOnline,SI-8,FULL,END-08,Endpoint Security,Does the organization utilize anti-phishing and spam protection technologies to detect and take action on unsolicited me,10,,,,,
EXO-DKIM-001,DKIM Signing Configuration,DKIM,ExchangeOnline,SC-8;SI-3,FULL,END-04,Endpoint Security,Does the organization utilize antimalware technologies to detect and eradicate malicious code?,10,END-04.4;END-04.1;VPM-01;CRY-03;VPM-05,,,,
EXO-MALWARE-001,Malware Filter Policy Configuration,MALWARE,ExchangeOnline,SI-3,FULL,END-04,Endpoint Security,Does the organization utilize antimalware technologies to detect and eradicate malicious code?,10,END-04.4;END-04.1;VPM-01;VPM-05;TDA-18,,,,
ENTRA-PERUSER-001,Ensure 'Per-user MFA' is disabled,PERUSER,Entra,IA-2(1);IA-2(2);CM-6,FULL,CFG-02.7,Configuration Management,"Does the organization document, assess risk and approve or deny deviations to standardized configurations?",9,IAC-06.3;IAC-10.7;IAC-06.2;IAC-06;IAC-06.1,,,,
CA-EXCLUSION-001,Privileged admins excluded from Conditional Access policies,CAEXCLUSION,StrykerReadiness,AC-3;AC-6,FULL,IAC-21,Identification & Authentication,"Does the organization utilize the concept of least privilege, allowing only authorized access to processes necessary to ",10,IAC-20;TDA-18;NET-12,,,,
ENTRA-APPS-001,Ensure third party integrated applications are not allowed,APPS,Entra,AC-6(10);CM-5,FULL,END-03.2,Endpoint Security,"Does the organization define, document, approve and enforce access restrictions associated with changes to Technology As",8,IAC-21.5;CHG-04,,,,
ENTRA-TENANT-001,Ensure 'Restrict non-admin users from creating tenants' is set to 'Yes',TENANT,Entra,AC-6(10);CM-5,FULL,END-03.2,Endpoint Security,"Does the organization define, document, approve and enforce access restrictions associated with changes to Technology As",8,IAC-21.5;CHG-04,,,,
ENTRA-ADMIN-002,Ensure access to the Entra admin center is restricted,ADMIN,Entra,AC-6(5);AC-3,FULL,IAC-21.3,Identification & Authentication,Does the organization restrict the assignment of privileged accounts to management-approved personnel and/or roles?,10,IAC-20;TDA-18;NET-12,,,,
ENTRA-SESSION-001,Ensure the option to remain signed in is hidden,SESSION,Entra,AC-11;AC-12,FULL,IAC-25,Identification & Authentication,"Does the organization use automated mechanisms to log out users, both locally on the network and for remote sessions, at",9,IAC-24,,,,
ENTRA-LINKEDIN-001,Ensure 'LinkedIn account connections' is disabled,LINKEDIN,Entra,CM-7,FULL,CFG-03,Configuration Management,Does the organization configure systems to provide only essential capabilities by specifically prohibiting or restrictin,10,,,,,
ENTRA-GROUP-002,Ensure a dynamic group for guest users is created,GROUP,Entra,AC-2;AC-6,FULL,IAC-15,Identification & Authentication,"Does the organization proactively govern account management of individual, group, system, service, application, guest an",10,IAC-07.2;IAC-21;IAC-20;NET-12;TDA-18,,,,
ENTRA-GROUP-001,Ensure users cannot create security groups,GROUP,Entra,AC-6(10);CM-5,FULL,END-03.2,Endpoint Security,"Does the organization define, document, approve and enforce access restrictions associated with changes to Technology As",8,IAC-21.5;CHG-04,,,,
ENTRA-DEVICE-001,Ensure the ability to join devices to Entra is restricted,DEVICE,Entra,AC-3;CM-7,FULL,CFG-03,Configuration Management,Does the organization configure systems to provide only essential capabilities by specifically prohibiting or restrictin,10,IAC-20;TDA-18;NET-12,,,,
ENTRA-DEVICE-002,Ensure the maximum number of devices per user is limited,DEVICE,Entra,CM-8;AC-19a,FULL,MDM-02,Mobile Device Management,Does the organization enforce access control requirements for the connection of mobile devices to organizational Technol,9,AST-02.3;AST-02,,,,
ENTRA-DEVICE-003,Ensure the GA role is not added as a local administrator during Entra join,DEVICE,Entra,AC-6(5);CM-6,FULL,IAC-21.3,Identification & Authentication,Does the organization restrict the assignment of privileged accounts to management-approved personnel and/or roles?,10,CFG-02.7;CFG-02,,,,
ENTRA-DEVICE-004,Ensure local administrator assignment is limited during Entra join,DEVICE,Entra,AC-6(5);CM-6,FULL,IAC-21.3,Identification & Authentication,Does the organization restrict the assignment of privileged accounts to management-approved personnel and/or roles?,10,CFG-02.7;CFG-02,,,,
ENTRA-DEVICE-005,Ensure Local Administrator Password Solution is enabled,DEVICE,Entra,IA-5;CM-6,FULL,CFG-02.7,Configuration Management,"Does the organization document, assess risk and approve or deny deviations to standardized configurations?",9,IAC-10.8;IAC-10;CFG-02,,,,
ENTRA-DEVICE-006,Ensure users are restricted from recovering BitLocker keys,DEVICE,Entra,AC-6;AC-3,FULL,IAC-21,Identification & Authentication,"Does the organization utilize the concept of least privilege, allowing only authorized access to processes necessary to ",10,IAC-20;NET-12;TDA-18,,,,
ENTRA-CONSENT-001,Ensure user consent to apps accessing company data on their behalf is not allowed,CONSENT,Entra,AC-6(10);CM-5,FULL,END-03.2,Endpoint Security,"Does the organization define, document, approve and enforce access restrictions associated with changes to Technology As",8,IAC-21.5;CHG-04,,,,
ENTRA-CONSENT-002,Ensure the admin consent workflow is enabled,CONSENT,Entra,CM-4;AC-6(10),FULL,CHG-03,Change Management,"Does the organization analyze proposed changes for potential security impacts, prior to the implementation of the change",9,IAC-21.5,,,,
ENTRA-GUEST-004,Ensure that collaboration invitations are sent to allowed domains only,GUEST,Entra,AC-3,FULL,IAC-20,Identification & Authentication,"Does the organization enforce Logical Access Control (LAC) permissions that conform to the principle of ""least privilege",10,TDA-18;NET-12,,,,
ENTRA-GUEST-001,Ensure that guest user access is restricted,GUEST,Entra,AC-6,FULL,IAC-21,Identification & Authentication,"Does the organization utilize the concept of least privilege, allowing only authorized access to processes necessary to ",10,IAC-20,,,,
ENTRA-GUEST-002,Ensure guest user invitations are limited to the Guest Inviter role,GUEST,Entra,AC-6(10),FULL,IAC-21.5,Identification & Authentication,"Does the organization prevent non-privileged users from executing privileged functions to include disabling, circumventi",9,,,,,
ENTRA-HYBRID-001,Ensure that password hash sync is enabled for hybrid deployments,HYBRID,Entra,IA-5,FULL,IAC-10.8,Identification & Authentication,Does the organization ensure default authenticators are changed as part of account creation or system installation?,10,IAC-10,,,,
EXO-TRANSPORT-002,Transport Rule Configuration for External Forwarding,TRANSPORT,ExchangeOnline,AC-4;SC-7,FULL,NET-04,Network Security,Does the organization implement and govern Access Control Lists (ACLs) to provide data flow enforcement that explicitly ,10,NET-03,,,,
CA-MFA-ADMIN-001,Ensure multifactor authentication is enabled for all users in administrative roles,MFA-ADMIN,CAEvaluator,IA-2(1);IA-2(2),FULL,IAC-06.3,Identification & Authentication,Does the organization utilize Multi-Factor Authentication (MFA) to authenticate local access for privileged accounts?,5,IAC-10.7;IAC-06.2;IAC-06;IAC-06.1;IAC-06.4,,,,
CA-MFA-ALL-001,Ensure multifactor authentication is enabled for all users,MFA-ALL,CAEvaluator,IA-2(1);IA-2(2),FULL,IAC-06.3,Identification & Authentication,Does the organization utilize Multi-Factor Authentication (MFA) to authenticate local access for privileged accounts?,5,IAC-10.7;IAC-06.2;IAC-06;IAC-06.1;IAC-06.4,,,,
ENTRA-CA-001,Enable Conditional Access policies to block legacy authentication,CA,Entra,CM-7,FULL,CFG-03,Configuration Management,Does the organization configure systems to provide only essential capabilities by specifically prohibiting or restrictin,10,,,,,
CA-LEGACYAUTH-001,Enable Conditional Access policies to block legacy authentication,LEGACYAUTH,CAEvaluator,CM-7,FULL,CFG-03,Configuration Management,Does the organization configure systems to provide only essential capabilities by specifically prohibiting or restrictin,10,,,,,
CA-SIGNIN-FREQ-001,Ensure Sign-in frequency is enabled and browser sessions are not persistent for Administrative users,SIGNIN-FREQ,CAEvaluator,AC-11;AC-12,FULL,IAC-25,Identification & Authentication,"Does the organization use automated mechanisms to log out users, both locally on the network and for remote sessions, at",9,IAC-24,,,,
CA-PHISHRES-001,Ensure 'Phishing-resistant MFA strength' is required for Administrators,PHISHRES,CAEvaluator,IA-2(1);IA-5c;IA-5g;IA-2(8),FULL,IAC-02.2,Identification & Authentication,Does the organization use automated mechanisms to employ replay-resistant authentication?,9,IAC-06.3;IAC-10.7;IAC-10;IAC-06.2;IAC-06,,,,
CA-USERRISK-001,Enable Identity Protection user risk policies,USERRISK,CAEvaluator,AC-2(12);AC-2(13),FULL,HRS-09.2,Human Resources Security,"Does the organization expedite the process of removing ""high risk"" individual’s access to Technology Assets, Application",9,IAC-15.6;MON-16,,,,
CA-SIGNINRISK-001,Enable Identity Protection sign-in risk policies,SIGNINRISK,CAEvaluator,AC-2(12);AC-2(13),FULL,HRS-09.2,Human Resources Security,"Does the organization expedite the process of removing ""high risk"" individual’s access to Technology Assets, Application",9,IAC-15.6;MON-16,,,,
CA-SIGNINRISK-002,Ensure 'sign-in risk' is blocked for medium and high risk,SIGNINRISK,CAEvaluator,AC-2(12);AC-2(13),FULL,HRS-09.2,Human Resources Security,"Does the organization expedite the process of removing ""high risk"" individual’s access to Technology Assets, Application",9,IAC-15.6;MON-16,,,,
CA-DEVICE-001,Ensure a managed device is required for authentication,DEVICE,CAEvaluator,AC-20b;IA-3,FULL,DCH-13,Data Classification & Handling,"Does the organization govern how external parties, including Technology Assets, Applications and/or Services (TAAS), are",9,IAC-04,,,,
CA-DEVICE-002,Ensure a managed device is required to register security information,DEVICE,CAEvaluator,AC-20b;IA-3,FULL,DCH-13,Data Classification & Handling,"Does the organization govern how external parties, including Technology Assets, Applications and/or Services (TAAS), are",9,IAC-04,,,,
CA-INTUNE-001,Ensure sign-in frequency for Intune Enrollment is set to 'Every time',INTUNE,CAEvaluator,AC-11;IA-2(1),FULL,IAC-06.3,Identification & Authentication,Does the organization utilize Multi-Factor Authentication (MFA) to authenticate local access for privileged accounts?,5,IAC-10.7;IAC-06.2;IAC-24;IAC-06;IAC-06.1,,,,
CA-DEVICECODE-001,Ensure the device code sign-in flow is blocked,DEVICECODE,CAEvaluator,CM-7,FULL,CFG-03,Configuration Management,Does the organization configure systems to provide only essential capabilities by specifically prohibiting or restrictin,10,,,,,
ENTRA-AUTHMETHOD-003,Ensure Microsoft Authenticator is configured to protect against MFA fatigue,AUTHMETHOD,Entra,IA-2(1);IA-2(2);IA-5c;IA-5g;IA-2(8);IA-2(13),FULL,IAC-02.4,Identification & Authentication,Does the organization implement Out-of-Band Authentication (OOBA) under specific conditions?,5,IAC-02.2;IAC-06.3;IAC-10.7;IAC-10;IAC-06.2,,,,
ENTRA-PASSWORD-002,Ensure custom banned passwords lists are used,PASSWORD,Entra,IA-5(1),FULL,IAC-10.1,Identification & Authentication,"Does the organization enforce complexity, length and lifespan considerations to ensure strong criteria for password-base",9,IAC-10.4;IAC-10,,,,
ENTRA-PASSWORD-005,Ensure password protection is enabled for on-prem Active Directory,PASSWORD,Entra,IA-5(1),FULL,IAC-10.1,Identification & Authentication,"Does the organization enforce complexity, length and lifespan considerations to ensure strong criteria for password-base",9,IAC-10.4;IAC-10,,,,
ENTRA-MFA-001,Ensure all member users are 'MFA capable',MFA,Entra,IA-2(1);IA-2(2),FULL,IAC-06.3,Identification & Authentication,Does the organization utilize Multi-Factor Authentication (MFA) to authenticate local access for privileged accounts?,5,IAC-10.7;IAC-06.2;IAC-06;IAC-06.1;IAC-06.4,,,,
ENTRA-AUTHMETHOD-001,Ensure weak authentication methods are disabled,AUTHMETHOD,Entra,CM-7b;IA-5c,FULL,CFG-03,Configuration Management,Does the organization configure systems to provide only essential capabilities by specifically prohibiting or restrictin,10,IAC-10.8;IAC-10,,,,
ENTRA-AUTHMETHOD-004,Ensure system-preferred multifactor authentication is enabled,AUTHMETHOD,Entra,IA-2(1);IA-2(2),FULL,IAC-06.3,Identification & Authentication,Does the organization utilize Multi-Factor Authentication (MFA) to authenticate local access for privileged accounts?,5,IAC-10.7;IAC-06.2;IAC-06;IAC-06.1;IAC-06.4,,,,
ENTRA-AUTHMETHOD-002,Ensure the email OTP authentication method is disabled,AUTHMETHOD,Entra,CM-7;IA-5c,FULL,CFG-03,Configuration Management,Does the organization configure systems to provide only essential capabilities by specifically prohibiting or restrictin,10,IAC-10.8;IAC-10,,,,
ENTRA-SSPR-001,Ensure 'Self service password reset enabled' is set to 'All',SSPR,Entra,IA-5(1),FULL,IAC-10.1,Identification & Authentication,"Does the organization enforce complexity, length and lifespan considerations to ensure strong criteria for password-base",9,IAC-10.4;IAC-10,,,,
PURVIEW-AUDIT-001,Unified Audit Logging Enabled,AUDIT,Compliance,AU-2;AU-3;AU-6,FULL,MON-02.6,Continuous Monitoring,"Does the organization adjust the level of audit review, analysis and reporting based on evolving threat information from",5,MON-01.8;MON-03;CFG-02.1;MON-02;CFG-02,,,,
ENTRA-PIM-001,Ensure 'Privileged Identity Management' is used to manage roles,PIM,Entra,AC-2;AC-6(1),FULL,IAC-15,Identification & Authentication,"Does the organization proactively govern account management of individual, group, system, service, application, guest an",10,IAC-07.2;IAC-21.1;NET-12;TDA-18,,,,
ENTRA-PIM-002,Ensure 'Access reviews' for Guest Users are configured,PIM,Entra,AC-2(3);AC-2(1),FULL,IAC-15.1,Identification & Authentication,Does the organization use automated mechanisms to support the management of system accounts?,5,IAC-15.3,,,,
ENTRA-PIM-003,Ensure 'Access reviews' for privileged roles are configured,PIM,Entra,AC-2(3);AC-2(1),FULL,IAC-15.1,Identification & Authentication,Does the organization use automated mechanisms to support the management of system accounts?,5,IAC-15.3,,,,
ENTRA-PIM-004,Ensure approval is required for Global Administrator role activation,PIM,Entra,AC-6(1),FULL,IAC-21.1,Identification & Authentication,Does the organization limit access to security functions to explicitly-authorized privileged users?,9,,,,,
ENTRA-PIM-005,Ensure approval is required for Privileged Role Administrator activation,PIM,Entra,AC-6(1),FULL,IAC-21.1,Identification & Authentication,Does the organization limit access to security functions to explicitly-authorized privileged users?,9,,,,,
PURVIEW-RETENTION-001,Data Retention Policies,RETENTION,Compliance,AU-11;SI-12,FULL,MON-10,Continuous Monitoring,Does the organization retain event logs for a time period consistent with records retention requirements to provide supp,10,DCH-18;PRI-05,,,,
INTUNE-SECURITY-001,Device Compliance Policy Baseline,SECURITY,Intune,CM-6;CM-7,FULL,CFG-02.7,Configuration Management,"Does the organization document, assess risk and approve or deny deviations to standardized configurations?",9,CFG-03;CFG-02,,,,
COMPLIANCE-ALERTPOLICY-001,Security Alert Policies Configuration,ALERTPOLICY,Compliance,AU-6;IR-4;IR-6,FULL,MON-02.6,Continuous Monitoring,"Does the organization adjust the level of audit review, analysis and reporting based on evolving threat information from",5,IRO-14;IRO-02;GOV-06;IRO-10;MON-02,,,,
EXO-AUDIT-001,Ensure 'AuditDisabled' organizationally is set to 'False',AUDIT,ExchangeOnline,AU-12;AU-12c,FULL,MON-06,Continuous Monitoring,Does the organization provide an event log report generation capability to aid in detecting and assessing anomalous acti,7,,,,,
EXO-AUDIT-003,Ensure mailbox audit actions are configured,AUDIT,ExchangeOnline,AU-12;AU-12c,FULL,MON-06,Continuous Monitoring,Does the organization provide an event log report generation capability to aid in detecting and assessing anomalous acti,7,,,,,
EXO-AUDIT-002,Ensure 'AuditBypassEnabled' is not enabled on mailboxes,AUDIT,ExchangeOnline,AU-12;AU-12c,FULL,MON-06,Continuous Monitoring,Does the organization provide an event log report generation capability to aid in detecting and assessing anomalous acti,7,,,,,
INTUNE-ENCRYPTION-001,Device Encryption Policy,ENCRYPTION,Intune,SC-28,FULL,END-02,Endpoint Security,"Does the organization protect the confidentiality, integrity, availability and safety of endpoint devices?",9,CRY-05,,,,
DEFENDER-SECURESCORE-001,Microsoft Secure Score Posture,SECURESCORE,Defender,CA-2;RA-3,FULL,CPL-03,Compliance,Does the organization regularly review processes and documented procedures to ensure conformity with the organization's ,10,PRM-04;IAO-02;RSK-04;CPL-03.2;IAO-06,,,,
EXO-FORWARD-001,Ensure all forms of mail forwarding are blocked and/or disabled,FORWARD,ExchangeOnline,AC-4,FULL,NET-04,Network Security,Does the organization implement and govern Access Control Lists (ACLs) to provide data flow enforcement that explicitly ,10,,,,,
EXO-TRANSPORT-001,Ensure mail transport rules do not whitelist specific domains,TRANSPORT,ExchangeOnline,SI-8,FULL,END-08,Endpoint Security,Does the organization utilize anti-phishing and spam protection technologies to detect and take action on unsolicited me,10,,,,,
EXO-EXTTAG-001,Ensure email from external senders is identified,EXTTAG,ExchangeOnline,SI-8,FULL,END-08,Endpoint Security,Does the organization utilize anti-phishing and spam protection technologies to detect and take action on unsolicited me,10,,,,,
INTUNE-ENROLLMENT-001,Device Enrollment Restrictions,ENROLLMENT,Intune,CM-8;IA-3,FULL,AST-02.3,Asset Management,Does the organization establish and maintain an authoritative source and repository to provide a trusted source and acco,2,AST-02;IAC-04,,,,
EXO-ADDINS-001,Ensure users installing Outlook add-ins is not allowed,ADDINS,ExchangeOnline,CM-11;CM-7,FULL,CFG-03,Configuration Management,Does the organization configure systems to provide only essential capabilities by specifically prohibiting or restrictin,10,CFG-05;END-03,,,,
INTUNE-UPDATE-001,Windows Update Ring Configuration,UPDATE,Intune,SI-2,FULL,END-04.1,Endpoint Security,"Does the organization automatically update antimalware technologies, including signature definitions?",9,VPM-01;VPM-05,,,,
EXO-AUTH-001,Ensure modern authentication for Exchange Online is enabled,AUTH,ExchangeOnline,CM-7,FULL,CFG-03,Configuration Management,Does the organization configure systems to provide only essential capabilities by specifically prohibiting or restrictin,10,,,,,
EXO-MAILTIPS-001,Ensure MailTips are enabled for end users,MAILTIPS,ExchangeOnline,AT-2b,FULL,SAT-02,Security Awareness & Training,Does the organization provide all employees and contractors appropriate awareness education and training that is relevan,8,,,,,
EXO-OWA-001,Ensure additional storage providers are restricted in Outlook on the web,OWA,ExchangeOnline,CM-7;SC-7(10),FULL,CFG-03,Configuration Management,Does the organization configure systems to provide only essential capabilities by specifically prohibiting or restrictin,10,NET-03.5;NET-17,,,,
EXO-AUTH-002,Ensure SMTP AUTH is disabled,AUTH,ExchangeOnline,CM-7,FULL,CFG-03,Configuration Management,Does the organization configure systems to provide only essential capabilities by specifically prohibiting or restrictin,10,,,,,
EXO-DIRECTSEND-001,Ensure Direct Send is not allowed for unauthorized relay,DIRECTSEND,ExchangeOnline,SC-7;AC-17,FULL,NET-14,Network Security,"Does the organization define, control and review organization-approved, secure remote access methods?",10,NET-03,,,,
SPO-AUTH-001,Ensure modern authentication for SharePoint applications is required,AUTH,SharePoint,CM-7;IA-8,FULL,CFG-03,Configuration Management,Does the organization configure systems to provide only essential capabilities by specifically prohibiting or restrictin,10,IAC-03,,,,
SPO-B2B-001,Ensure SharePoint and OneDrive integration with Azure AD B2B is enabled,B2B,SharePoint,AC-2;IA-8,FULL,IAC-03,Identification & Authentication,"Does the organization uniquely identify and centrally Authenticate, Authorize and Audit (AAA) third-party users and proc",9,IAC-15;IAC-07.2;NET-12;TDA-18,,,,
SPO-SHARING-001,Ensure external content sharing is restricted,SHARING,SharePoint,AC-2;AC-3;IA-8,FULL,IAC-03,Identification & Authentication,"Does the organization uniquely identify and centrally Authenticate, Authorize and Audit (AAA) third-party users and proc",9,IAC-15;IAC-07.2;IAC-20;NET-12;TDA-18,,,,
SPO-OD-001,Ensure OneDrive content sharing is restricted,OD,SharePoint,AC-2;AC-3;IA-8,FULL,IAC-03,Identification & Authentication,"Does the organization uniquely identify and centrally Authenticate, Authorize and Audit (AAA) third-party users and proc",9,IAC-15;IAC-07.2;IAC-20;NET-12;TDA-18,,,,
SPO-SHARING-002,Ensure that SharePoint guest users cannot share items they don't own,SHARING,SharePoint,AC-3;AC-6(10),FULL,IAC-21.5,Identification & Authentication,"Does the organization prevent non-privileged users from executing privileged functions to include disabling, circumventi",9,IAC-20;TDA-18;NET-12,,,,
SPO-SHARING-003,Ensure SharePoint external sharing is managed through domain whitelist/blacklists,SHARING,SharePoint,AC-3;AC-6(10),FULL,IAC-21.5,Identification & Authentication,"Does the organization prevent non-privileged users from executing privileged functions to include disabling, circumventi",9,IAC-20;TDA-18;NET-12,,,,
SPO-SHARING-004,Ensure link sharing is restricted in SharePoint and OneDrive,SHARING,SharePoint,AC-6,FULL,IAC-21,Identification & Authentication,"Does the organization utilize the concept of least privilege, allowing only authorized access to processes necessary to ",10,IAC-20,,,,
SPO-SHARING-008,Ensure external sharing is restricted by security group,SHARING,SharePoint,AC-3;AC-6(10),FULL,IAC-21.5,Identification & Authentication,"Does the organization prevent non-privileged users from executing privileged functions to include disabling, circumventi",9,IAC-20;TDA-18;NET-12,,,,
SPO-SHARING-005,Ensure guest access to a site or OneDrive will expire automatically,SHARING,SharePoint,AC-3;AC-21b,FULL,DCH-14,Data Classification & Handling,Does the organization utilize a process to assist users in making information sharing decisions to ensure data is approp,9,PRI-07;IAC-20;NET-12;TDA-18,,,,
SPO-SHARING-006,Ensure reauthentication with verification code is restricted,SHARING,SharePoint,IA-11,FULL,IAC-14,Identification & Authentication,Does the organization force users and devices to re-authenticate according to organization-defined circumstances that ne,8,,,,,
SPO-SHARING-007,Ensure the SharePoint default sharing link permission is set,SHARING,SharePoint,AC-6,FULL,IAC-21,Identification & Authentication,"Does the organization utilize the concept of least privilege, allowing only authorized access to processes necessary to ",10,IAC-20,,,,
SPO-MALWARE-002,Ensure Office 365 SharePoint infected files are disallowed for download,MALWARE,SharePoint,SI-3a,FULL,END-04,Endpoint Security,Does the organization utilize antimalware technologies to detect and eradicate malicious code?,10,END-04.4;END-04.1;VPM-01;VPM-05;TDA-18,,,,
SPO-SYNC-001,Ensure OneDrive sync is restricted for unmanaged devices,SYNC,SharePoint,AC-19a;CM-7,FULL,CFG-03,Configuration Management,Does the organization configure systems to provide only essential capabilities by specifically prohibiting or restrictin,10,MDM-02,,,,
SPO-SCRIPT-001,Ensure custom script execution is restricted on personal sites,SCRIPT,SharePoint,CM-7;CM-11,FULL,CFG-03,Configuration Management,Does the organization configure systems to provide only essential capabilities by specifically prohibiting or restrictin,10,CFG-05;END-03,,,,
SPO-SCRIPT-002,Ensure custom script execution is restricted on site collections,SCRIPT,SharePoint,CM-7;CM-11,FULL,CFG-03,Configuration Management,Does the organization configure systems to provide only essential capabilities by specifically prohibiting or restrictin,10,CFG-05;END-03,,,,
TEAMS-GUEST-001,Guest Access to Teams,GUEST,Teams,AC-3;AC-17,FULL,IAC-20,Identification & Authentication,"Does the organization enforce Logical Access Control (LAC) permissions that conform to the principle of ""least privilege",10,NET-14;TDA-18;NET-12,,,,
PBI-TENANT-001,Power BI External Sharing Configuration,TENANT,PowerBI,AC-3;AC-4,FULL,NET-04,Network Security,Does the organization implement and govern Access Control Lists (ACLs) to provide data flow enforcement that explicitly ,10,IAC-20;TDA-18;NET-12,,,,
TEAMS-CLIENT-001,Ensure external file sharing in Teams is enabled for only approved cloud storage services,CLIENT,Teams,CM-7;SC-7(10),FULL,CFG-03,Configuration Management,Does the organization configure systems to provide only essential capabilities by specifically prohibiting or restrictin,10,NET-03.5;NET-17,,,,
TEAMS-CLIENT-002,Ensure users can't send emails to a channel email address,CLIENT,Teams,SI-8;SC-7(10);AC-4,FULL,NET-03.5,Network Security,Does the organization use automated mechanisms to prevent the unauthorized exfiltration of sensitive/regulated data acro,5,NET-04;END-08;NET-17,,,,
PBI-TENANT-002,Power BI Publish to Web Configuration,TENANT,PowerBI,AC-3;AC-4,FULL,NET-04,Network Security,Does the organization implement and govern Access Control Lists (ACLs) to provide data flow enforcement that explicitly ,10,IAC-20;TDA-18;NET-12,,,,
TEAMS-EXTACCESS-003,Ensure external domains are restricted in the Teams admin center,EXTACCESS,Teams,AC-3,FULL,IAC-20,Identification & Authentication,"Does the organization enforce Logical Access Control (LAC) permissions that conform to the principle of ""least privilege",10,TDA-18;NET-12,,,,
TEAMS-EXTACCESS-001,Ensure communication with unmanaged Teams users is disabled,EXTACCESS,Teams,CM-7;SC-7(10),FULL,CFG-03,Configuration Management,Does the organization configure systems to provide only essential capabilities by specifically prohibiting or restrictin,10,NET-03.5;NET-17,,,,
TEAMS-EXTACCESS-002,Ensure external Teams users cannot initiate conversations,EXTACCESS,Teams,CM-7;SI-8,FULL,CFG-03,Configuration Management,Does the organization configure systems to provide only essential capabilities by specifically prohibiting or restrictin,10,END-08,,,,
TEAMS-EXTACCESS-004,Ensure communication with Skype users is disabled,EXTACCESS,Teams,CM-7,FULL,CFG-03,Configuration Management,Does the organization configure systems to provide only essential capabilities by specifically prohibiting or restrictin,10,,,,,
PBI-TENANT-003,Power BI Guest Access Configuration,TENANT,PowerBI,AC-3;AC-17,FULL,IAC-20,Identification & Authentication,"Does the organization enforce Logical Access Control (LAC) permissions that conform to the principle of ""least privilege",10,NET-14;TDA-18;NET-12,,,,
TEAMS-APPS-002,Ensure app permission policies are configured,APPS,Teams,CM-11,FULL,CFG-05,Configuration Management,Does the organization restrict the ability of non-privileged users to install unauthorized software?,10,END-03,,,,
TEAMS-MEETING-001,Ensure anonymous users can't join a meeting,MEETING,Teams,SC-15a;AC-3,FULL,END-14,Endpoint Security,Does the organization unplug or prohibit the remote activation of collaborative computing devices with the following exc,9,IAC-20;TDA-18;NET-12,,,,
TEAMS-MEETING-002,Ensure anonymous users and dial-in callers can't start a meeting,MEETING,Teams,SC-15a,FULL,END-14,Endpoint Security,Does the organization unplug or prohibit the remote activation of collaborative computing devices with the following exc,9,,,,,
TEAMS-MEETING-003,Ensure only people in my org can bypass the lobby,MEETING,Teams,AC-3,FULL,IAC-20,Identification & Authentication,"Does the organization enforce Logical Access Control (LAC) permissions that conform to the principle of ""least privilege",10,TDA-18;NET-12,,,,
TEAMS-MEETING-004,Ensure users dialing in can't bypass the lobby,MEETING,Teams,SC-15a,FULL,END-14,Endpoint Security,Does the organization unplug or prohibit the remote activation of collaborative computing devices with the following exc,9,,,,,
TEAMS-MEETING-006,Ensure meeting chat does not allow anonymous users,MEETING,Teams,SC-15a;AC-3,FULL,END-14,Endpoint Security,Does the organization unplug or prohibit the remote activation of collaborative computing devices with the following exc,9,IAC-20;TDA-18;NET-12,,,,
TEAMS-MEETING-007,Ensure only organizers and co-organizers can present,MEETING,Teams,AC-3;AC-21a,FULL,DCH-14,Data Classification & Handling,Does the organization utilize a process to assist users in making information sharing decisions to ensure data is approp,9,PRI-07;IAC-20;NET-12;TDA-18,,,,
TEAMS-MEETING-005,Ensure external participants can't give or request control,MEETING,Teams,AC-17a,FULL,NET-14,Network Security,"Does the organization define, control and review organization-approved, secure remote access methods?",10,,,,,
TEAMS-MEETING-008,Ensure external meeting chat is off,MEETING,Teams,CM-7;SC-7(10),FULL,CFG-03,Configuration Management,Does the organization configure systems to provide only essential capabilities by specifically prohibiting or restrictin,10,NET-03.5;NET-17,,,,
TEAMS-MEETING-009,Ensure meeting recording is off by default,MEETING,Teams,CM-7,FULL,CFG-03,Configuration Management,Does the organization configure systems to provide only essential capabilities by specifically prohibiting or restrictin,10,,,,,
TEAMS-REPORTING-001,Ensure users can report security concerns in Teams,REPORTING,Teams,SI-4(5);SI-4(12),FULL,MON-01.4,Continuous Monitoring,"Does the organization generate, monitor, correlate and respond to alerts from physical, cybersecurity, data protection a",7,MON-01.12;MON-05.1,,,,
POWERBI-GUEST-001,Ensure guest user access is restricted in Power BI,Guest Access,PowerBI,CM-7;AC-6,FULL,CFG-03,Configuration Management,Does the organization configure systems to provide only essential capabilities by specifically prohibiting or restrictin,10,IAC-21;IAC-20,,,,
PBI-GUEST-001,Ensure guest user access is restricted in Power BI,GUEST,PowerBI,CM-7;AC-6,FULL,CFG-03,Configuration Management,Does the organization configure systems to provide only essential capabilities by specifically prohibiting or restrictin,10,IAC-21;IAC-20,,,,
POWERBI-GUEST-002,Ensure external user invitations are restricted in Power BI,Guest Access,PowerBI,CM-7;AC-6,FULL,CFG-03,Configuration Management,Does the organization configure systems to provide only essential capabilities by specifically prohibiting or restrictin,10,IAC-21;IAC-20,,,,
PBI-INVITE-001,Ensure external user invitations are restricted in Power BI,INVITE,PowerBI,CM-7;AC-6,FULL,CFG-03,Configuration Management,Does the organization configure systems to provide only essential capabilities by specifically prohibiting or restrictin,10,IAC-21;IAC-20,,,,
PBI-CONTENT-001,Ensure guest access to content is restricted in Power BI,CONTENT,PowerBI,CM-7;AC-6,FULL,CFG-03,Configuration Management,Does the organization configure systems to provide only essential capabilities by specifically prohibiting or restrictin,10,IAC-21;IAC-20,,,,
POWERBI-GUEST-003,Ensure guest access to content is restricted in Power BI,Guest Access,PowerBI,CM-7;AC-6,FULL,CFG-03,Configuration Management,Does the organization configure systems to provide only essential capabilities by specifically prohibiting or restrictin,10,IAC-21;IAC-20,,,,
POWERBI-SHARING-001,Ensure 'Publish to web' is restricted in Power BI,Sharing,PowerBI,CM-7;SC-7(10),FULL,CFG-03,Configuration Management,Does the organization configure systems to provide only essential capabilities by specifically prohibiting or restrictin,10,NET-03.5;NET-17,,,,
PBI-PUBLISH-001,Ensure 'Publish to web' is restricted in Power BI,PUBLISH,PowerBI,CM-7;SC-7(10),FULL,CFG-03,Configuration Management,Does the organization configure systems to provide only essential capabilities by specifically prohibiting or restrictin,10,NET-03.5;NET-17,,,,
PBI-SCRIPT-001,Ensure 'Interact with and share R and Python' visuals is 'Disabled' in Power BI,SCRIPT,PowerBI,CM-7;SI-3,FULL,CFG-03,Configuration Management,Does the organization configure systems to provide only essential capabilities by specifically prohibiting or restrictin,10,END-04;END-04.4;END-04.1;VPM-01;VPM-05,,,,
POWERBI-SHARING-002,Ensure 'Interact with and share R and Python' visuals is 'Disabled' in Power BI,Sharing,PowerBI,CM-7;SI-3,FULL,CFG-03,Configuration Management,Does the organization configure systems to provide only essential capabilities by specifically prohibiting or restrictin,10,END-04;END-04.4;END-04.1;VPM-01;VPM-05,,,,
POWERBI-INFOPROT-001,Ensure 'Allow users to apply sensitivity labels for content' is 'Enabled' in Power BI,Information Protection,PowerBI,AC-3;SC-7(10),FULL,NET-03.5,Network Security,Does the organization use automated mechanisms to prevent the unauthorized exfiltration of sensitive/regulated data acro,5,NET-17;IAC-20;NET-12;TDA-18,,,,
PBI-LABELS-001,Ensure 'Allow users to apply sensitivity labels for content' is 'Enabled' in Power BI,LABELS,PowerBI,AC-3;SC-7(10),FULL,NET-03.5,Network Security,Does the organization use automated mechanisms to prevent the unauthorized exfiltration of sensitive/regulated data acro,5,NET-17;IAC-20;NET-12;TDA-18,,,,
POWERBI-SHARING-003,Ensure shareable links are restricted in Power BI,Sharing,PowerBI,AC-21b;SC-7(10),FULL,NET-03.5,Network Security,Does the organization use automated mechanisms to prevent the unauthorized exfiltration of sensitive/regulated data acro,5,DCH-14;PRI-07;NET-17,,,,
PBI-LINK-001,Ensure shareable links are restricted in Power BI,LINK,PowerBI,AC-21b;SC-7(10),FULL,NET-03.5,Network Security,Does the organization use automated mechanisms to prevent the unauthorized exfiltration of sensitive/regulated data acro,5,DCH-14;PRI-07;NET-17,,,,
POWERBI-SHARING-004,Ensure enabling of external data sharing is restricted in Power BI,Sharing,PowerBI,CM-7;SC-7(10),FULL,CFG-03,Configuration Management,Does the organization configure systems to provide only essential capabilities by specifically prohibiting or restrictin,10,NET-03.5;NET-17,,,,
PBI-SHARING-001,Ensure enabling of external data sharing is restricted in Power BI,SHARING,PowerBI,CM-7;SC-7(10),FULL,CFG-03,Configuration Management,Does the organization configure systems to provide only essential capabilities by specifically prohibiting or restrictin,10,NET-03.5;NET-17,,,,
PBI-AUTH-001,Ensure 'Block ResourceKey Authentication' is 'Enabled' in Power BI,AUTH,PowerBI,CM-7;IA-5g,FULL,CFG-03,Configuration Management,Does the organization configure systems to provide only essential capabilities by specifically prohibiting or restrictin,10,IAC-10.8;IAC-10,,,,
POWERBI-AUTH-001,Ensure 'Block ResourceKey Authentication' is 'Enabled' in Power BI,Authentication,PowerBI,CM-7;IA-5g,FULL,CFG-03,Configuration Management,Does the organization configure systems to provide only essential capabilities by specifically prohibiting or restrictin,10,IAC-10.8;IAC-10,,,,
PBI-API-001,Ensure access to APIs by Service Principals is restricted in Power BI,API,PowerBI,AC-4;AC-6(5),FULL,IAC-21.3,Identification & Authentication,Does the organization restrict the assignment of privileged accounts to management-approved personnel and/or roles?,10,NET-04,,,,
POWERBI-AUTH-002,Ensure access to APIs by Service Principals is restricted in Power BI,Authentication,PowerBI,AC-4;AC-6(5),FULL,IAC-21.3,Identification & Authentication,Does the organization restrict the assignment of privileged accounts to management-approved personnel and/or roles?,10,NET-04,,,,
POWERBI-AUTH-003,Ensure Service Principals cannot create and use profiles in Power BI,Authentication,PowerBI,AC-4;AC-6(5),FULL,IAC-21.3,Identification & Authentication,Does the organization restrict the assignment of privileged accounts to management-approved personnel and/or roles?,10,NET-04,,,,
PBI-PROFILE-001,Ensure Service Principals cannot create and use profiles in Power BI,PROFILE,PowerBI,AC-4;AC-6(5),FULL,IAC-21.3,Identification & Authentication,Does the organization restrict the assignment of privileged accounts to management-approved personnel and/or roles?,10,NET-04,,,,
ENTRA-SSPR-002,SSPR enabled for admin accounts,SSPR,Entra,IA-5;AC-6(5),FULL,IAC-21.3,Identification & Authentication,Does the organization restrict the assignment of privileged accounts to management-approved personnel and/or roles?,10,IAC-10.8;IAC-10,,,,
ENTRA-ROLEGROUP-001,Unprotected groups in privileged role assignments,ROLEGROUP,StrykerReadiness,AC-6(7);AC-2(7),FULL,IAC-08,Identification & Authentication,"Does the organization enforce Role-Based Access Control (RBAC) for Technology Assets, Applications, Services and/or Data",9,IAC-17,,,,
ENTRA-PIM-010,No admin notification on Tier-0 role activation,PIM,Entra,AU-6;IR-5,FULL,MON-02.6,Continuous Monitoring,"Does the organization adjust the level of audit review, analysis and reporting based on evolving threat information from",5,IRO-09;MON-02,,,,
ENTRA-STALEADMIN-001,Admin accounts inactive for more than 90 days,STALEADMIN,StrykerReadiness,AC-2(3);AC-2,FULL,IAC-15,Identification & Authentication,"Does the organization proactively govern account management of individual, group, system, service, application, guest an",10,IAC-07.2;IAC-15.3;NET-12;TDA-18,,,,
FORMS-CONFIG-003,Ensure external users cannot view form results,CONFIG,Forms,AC-3;AC-22,FULL,DCH-15,Data Classification & Handling,Does the organization control publicly-accessible content?,10,IAC-20;TDA-18;NET-12,,,,
INTUNE-RBAC-001,RBAC role assignments without scope tags,RBAC,StrykerReadiness,AC-6(1);AC-6(2),FULL,IAC-21.1,Identification & Authentication,Does the organization limit access to security functions to explicitly-authorized privileged users?,9,IAC-21.2,,,,
FORMS-CONFIG-005,Ensure respondent identity recording is enabled by default,CONFIG,Forms,AU-2;AU-3,FULL,MON-01.8,Continuous Monitoring,Does the organization review event logs on an ongoing basis and escalate incidents in accordance with established timeli,10,MON-03;CFG-02.1;MON-02;CFG-02,,,,
FORMS-CONFIG-006,Ensure Bing image and video search is disabled in Forms,CONFIG,Forms,SC-7;AC-22,FULL,DCH-15,Data Classification & Handling,Does the organization control publicly-accessible content?,10,NET-03,,,,
INTUNE-MAA-001,Multi-Admin Approval not enabled for destructive operations,MAA,StrykerReadiness,AC-3(2);CM-5(1),FULL,CHG-04.1,Change Management,Does the organization perform after-the-fact reviews of configuration change logs to discover any unauthorized changes?,3,IAC-20.5;HRS-12.1,,,,
INTUNE-WIPEAUDIT-001,Mass device wipe activity detected (attack indicator),WIPEAUDIT,StrykerReadiness,AU-6;IR-4;SI-4,FULL,MON-02.6,Continuous Monitoring,"Does the organization adjust the level of audit review, analysis and reporting based on evolving threat information from",5,IRO-02;MON-01;MON-02;TDA-18;NET-12,,,,
PURVIEW-RETENTION-003,Ensure Teams is covered by a retention policy,CONFIG,PurviewRetention,AU-11;SI-12,FULL,MON-10,Continuous Monitoring,Does the organization retain event logs for a time period consistent with records retention requirements to provide supp,10,DCH-18;PRI-05,,,,
PURVIEW-RETENTION-002,Ensure Exchange is covered by a retention policy,CONFIG,PurviewRetention,AU-11;SI-12,FULL,MON-10,Continuous Monitoring,Does the organization retain event logs for a time period consistent with records retention requirements to provide supp,10,DCH-18;PRI-05,,,,
ENTRA-PIM-009,Permanent eligible assignments allowed for Tier-0 roles,PIM,Entra,AC-2(2);AC-2(3),FULL,IAC-15.2,Identification & Authentication,Does the organization use automated mechanisms to disable or remove temporary and emergency accounts after an organizati,9,IAC-15.3,,,,
PURVIEW-RETENTION-004,Ensure SharePoint/OneDrive is covered by a retention policy,CONFIG,PurviewRetention,AU-11;SI-12,FULL,MON-10,Continuous Monitoring,Does the organization retain event logs for a time period consistent with records retention requirements to provide supp,10,DCH-18;PRI-05,,,,
ENTRA-PIM-008,MFA not required on Tier-0 role activation,PIM,Entra,IA-2(1);AC-6(5),FULL,IAC-21.3,Identification & Authentication,Does the organization restrict the assignment of privileged accounts to management-approved personnel and/or roles?,10,IAC-06.3;IAC-10.7;IAC-06.2;IAC-06;IAC-06.1,,,,
ENTRA-ENTAPP-002,Inactive apps with credentials (no sign-in > 90 days),ENTAPP,EntApp,AC-2(3);IA-5,FULL,IAC-15.3,Identification & Authentication,Does the organization use automated mechanisms to disable inactive accounts after an organization-defined time period?,10,IAC-10.8;IAC-10,,,,
ENTRA-PIM-006,Tier-0 role activation duration exceeds 4 hours,PIM,Entra,AC-2(2);AC-6(1),FULL,IAC-15.2,Identification & Authentication,Does the organization use automated mechanisms to disable or remove temporary and emergency accounts after an organizati,9,IAC-21.1,,,,
ENTRA-SECDEFAULT-001,Security Defaults Enabled,SECDEFAULT,Entra,AC-2;IA-2,FULL,IAC-02,Identification & Authentication,"Does the organization uniquely identify and centrally Authenticate, Authorize and Audit (AAA) organizational users and p",9,IAC-15;IAC-07.2;NET-12;TDA-18,,,,
ENTRA-APPREG-001,Users Can Register Applications,APPREG,Entra,CM-7,FULL,CFG-03,Configuration Management,Does the organization configure systems to provide only essential capabilities by specifically prohibiting or restrictin,10,,,,,
ENTRA-GUEST-003,Guest User Count,GUEST,Entra,AC-2,FULL,IAC-07.2,Identification & Authentication,"Does the organization revoke user access rights in a timely manner, upon termination of employment or contract?",10,IAC-15;TDA-18;NET-12,,,,
ENTRA-CA-002,Conditional Access Policy Count,CA,Entra,AC-3,FULL,IAC-20,Identification & Authentication,"Does the organization enforce Logical Access Control (LAC) permissions that conform to the principle of ""least privilege",10,TDA-18;NET-12,,,,
ENTRA-CA-003,Enabled Conditional Access Policies,CA,Entra,AC-3,FULL,IAC-20,Identification & Authentication,"Does the organization enforce Logical Access Control (LAC) permissions that conform to the principle of ""least privilege",10,TDA-18;NET-12,,,,
ENTRA-PASSWORD-003,Smart Lockout Threshold,PASSWORD,Entra,AC-7,FULL,IAC-22,Identification & Authentication,Does the organization enforce a limit for consecutive invalid login attempts by a user during an organization-defined ti,9,,,,,
ENTRA-PASSWORD-004,Custom Banned Password Count,PASSWORD,Entra,IA-5,FULL,IAC-10.8,Identification & Authentication,Does the organization ensure default authenticators are changed as part of account creation or system installation?,10,IAC-10,,,,
SPO-SYNC-002,Mac Sync App Enabled,SYNC,SharePoint,CM-8,FULL,AST-02.3,Asset Management,Does the organization establish and maintain an authoritative source and repository to provide a trusted source and acco,2,AST-02,,,,
SPO-LOOP-001,Loop Components Enabled,LOOP,SharePoint,CM-8,FULL,AST-02.3,Asset Management,Does the organization establish and maintain an authoritative source and repository to provide a trusted source and acco,2,AST-02,,,,
SPO-LOOP-002,OneDrive Loop Sharing,LOOP,SharePoint,CM-8,FULL,AST-02.3,Asset Management,Does the organization establish and maintain an authoritative source and repository to provide a trusted source and acco,2,AST-02,,,,
TEAMS-APPS-001,Chat Resource-Specific Consent Enabled,APPS,Teams,CM-7,FULL,CFG-03,Configuration Management,Does the organization configure systems to provide only essential capabilities by specifically prohibiting or restrictin,10,,,,,
TEAMS-INFO-001,Teams Workload Active,INFO,Teams,CM-8,FULL,AST-02.3,Asset Management,Does the organization establish and maintain an authoritative source and repository to provide a trusted source and acco,2,AST-02,,,,
CA-RISKPOLICY-001,CA policy combines sign-in risk and user risk (anti-pattern),RISKPOLICY,CAEvaluator,AC-7;SI-4,FULL,IAC-22,Identification & Authentication,Does the organization enforce a limit for consecutive invalid login attempts by a user during an organization-defined ti,9,MON-01;MON-02;TDA-18;NET-12,,,,
ENTRA-PIM-007,Justification not required on Tier-0 role activation,PIM,Entra,AC-2(4);AU-2,FULL,IAC-15.4,Identification & Authentication,"Does the organization use automated mechanisms to audit account creation, modification, enabling, disabling and removal ",5,MON-01.8;MON-03;CFG-02.1;MON-02;CFG-02,,,,
CA-ROLECOVERAGE-001,CA policies targeting directory roles miss active Tier-0 roles,ROLECOVERAGE,CAEvaluator,AC-6(5);AC-3,FULL,IAC-21.3,Identification & Authentication,Does the organization restrict the assignment of privileged accounts to management-approved personnel and/or roles?,10,IAC-20;TDA-18;NET-12,,,,
ENTRA-ENTAPP-001,Enabled apps with client credentials (secrets or certificates),ENTAPP,EntApp,IA-5;CM-6,FULL,CFG-02.7,Configuration Management,"Does the organization document, assess risk and approve or deny deviations to standardized configurations?",9,IAC-10.8;IAC-10;CFG-02,,,,
ENTRA-ENTAPP-003,Foreign apps with dangerous application permissions,ENTAPP,EntApp,AC-6(1);AC-6(5);SA-9,FULL,IAC-21.1,Identification & Authentication,Does the organization limit access to security functions to explicitly-authorized privileged users?,9,IAC-21.3;TPM-04,,,,
ENTRA-ENTAPP-004,Foreign apps with dangerous delegated permissions,ENTAPP,EntApp,AC-6(1);SA-9,FULL,IAC-21.1,Identification & Authentication,Does the organization limit access to security functions to explicitly-authorized privileged users?,9,TPM-04,,,,
ENTRA-ENTAPP-005,Foreign apps with Entra directory roles,ENTAPP,EntApp,AC-6(5);SA-9;AC-2,FULL,IAC-21.3,Identification & Authentication,Does the organization restrict the assignment of privileged accounts to management-approved personnel and/or roles?,10,IAC-15;IAC-07.2;TPM-04;NET-12;TDA-18,,,,
ENTRA-ENTAPP-006,Apps with excessive permission count (>10 application permissions),ENTAPP,EntApp,AC-6;AC-6(1),FULL,IAC-21.1,Identification & Authentication,Does the organization limit access to security functions to explicitly-authorized privileged users?,9,IAC-21;IAC-20,,,,
ENTRA-ENTAPP-007,App instance property lock not enabled,ENTAPP,EntApp,CM-6;CM-7,FULL,CFG-02.7,Configuration Management,"Does the organization document, assess risk and approve or deny deviations to standardized configurations?",9,CFG-03;CFG-02,,,,
ENTRA-ENTAPP-008,Managed identities with dangerous application permissions,ENTAPP,EntApp,AC-6;AC-6(1),FULL,IAC-21.1,Identification & Authentication,Does the organization limit access to security functions to explicitly-authorized privileged users?,9,IAC-21;IAC-20,,,,
ENTRA-ENTAPP-009,Managed identities with Entra directory roles,ENTAPP,EntApp,AC-6(5);AC-2,FULL,IAC-21.3,Identification & Authentication,Does the organization restrict the assignment of privileged accounts to management-approved personnel and/or roles?,10,IAC-15;IAC-07.2;NET-12;TDA-18,,,,
ENTRA-GROUP-004,Dynamic groups with user-controllable membership rules in privileged contexts,GROUP,Entra,AC-6;AC-2,FULL,IAC-15,Identification & Authentication,"Does the organization proactively govern account management of individual, group, system, service, application, guest an",10,IAC-07.2;IAC-21;IAC-20;NET-12;TDA-18,,,,
ENTRA-GROUP-005,Sensitive groups not protected with role-assignable flag,GROUP,Entra,AC-6(5);AC-3,FULL,IAC-21.3,Identification & Authentication,Does the organization restrict the assignment of privileged accounts to management-approved personnel and/or roles?,10,IAC-20;TDA-18;NET-12,,,,
ENTRA-GROUP-006,Public M365 groups count,GROUP,Entra,AC-3;AC-4,FULL,NET-04,Network Security,Does the organization implement and govern Access Control Lists (ACLs) to provide data flow enforcement that explicitly ,10,IAC-20;TDA-18;NET-12,,,,
ENTRA-HYBRID-002,On-premises synced users holding Tier-0/1 Entra roles,HYBRID,Entra,AC-6(5);AC-2,FULL,IAC-21.3,Identification & Authentication,Does the organization restrict the assignment of privileged accounts to management-approved personnel and/or roles?,10,IAC-15;IAC-07.2;NET-12;TDA-18,,,,
ENTRA-MFA-002,Percentage of users without MFA method registered,MFA,Entra,IA-2(1);IA-2(2),FULL,IAC-06.3,Identification & Authentication,Does the organization utilize Multi-Factor Authentication (MFA) to authenticate local access for privileged accounts?,5,IAC-10.7;IAC-06.2;IAC-06;IAC-06.1;IAC-06.4,,,,
ENTRA-APPS-002,App registrations with dangerous Intune write permissions,APPS,StrykerReadiness,AC-6(10);CM-7(5),FULL,IAC-21.5,Identification & Authentication,"Does the organization prevent non-privileged users from executing privileged functions to include disabling, circumventi",9,CFG-03.3,,,,
PURVIEW-RETENTION-005,Ensure all retention policies are in Enforce mode,CONFIG,PurviewRetention,AU-11;CM-3,FULL,CHG-01,Change Management,Does the organization facilitate the implementation of a change management program?,10,MON-10;CHG-02,,,,
